{
  "Login Failure Page" : {
    "transaction" : "Login Failure Page",
    "sampleCount" : 1000,
    "errorCount" : 0,
    "errorPct" : 0.0,
    "meanResTime" : 433.46800000000025,
    "medianResTime" : 404.0,
    "minResTime" : 337.0,
    "maxResTime" : 1061.0,
    "pct1ResTime" : 516.9,
    "pct2ResTime" : 634.7999999999997,
    "pct3ResTime" : 891.7100000000003,
    "throughput" : 10.721676012394257,
    "receivedKBytesPerSec" : 8.613871989219355,
    "sentKBytesPerSec" : 6.125176237549454
  },
  "Test" : {
    "transaction" : "Test",
    "sampleCount" : 1000,
    "errorCount" : 0,
    "errorPct" : 0.0,
    "meanResTime" : 1917.008,
    "medianResTime" : 1789.0,
    "minResTime" : 1547.0,
    "maxResTime" : 4901.0,
    "pct1ResTime" : 2231.3999999999996,
    "pct2ResTime" : 2557.95,
    "pct3ResTime" : 4155.150000000001,
    "throughput" : 9.806709750811505,
    "receivedKBytesPerSec" : 61.53690257217738,
    "sentKBytesPerSec" : 20.982911195339852
  },
  "Total" : {
    "transaction" : "Total",
    "sampleCount" : 4000,
    "errorCount" : 0,
    "errorPct" : 0.0,
    "meanResTime" : 479.25174999999933,
    "medianResTime" : 425.0,
    "minResTime" : 326.0,
    "maxResTime" : 2027.0,
    "pct1ResTime" : 610.0,
    "pct2ResTime" : 742.9499999999998,
    "pct3ResTime" : 1016.9499999999989,
    "throughput" : 35.240117349590776,
    "receivedKBytesPerSec" : 55.28275341774076,
    "sentKBytesPerSec" : 18.850365506092135
  },
  "Login Page" : {
    "transaction" : "Login Page",
    "sampleCount" : 1000,
    "errorCount" : 0,
    "errorPct" : 0.0,
    "meanResTime" : 608.515,
    "medianResTime" : 548.0,
    "minResTime" : 467.0,
    "maxResTime" : 2027.0,
    "pct1ResTime" : 735.8,
    "pct2ResTime" : 884.9499999999999,
    "pct3ResTime" : 1917.99,
    "throughput" : 10.071609140992456,
    "receivedKBytesPerSec" : 13.64136510590297,
    "sentKBytesPerSec" : 5.242351242332988
  },
  "Fair History Page" : {
    "transaction" : "Fair History Page",
    "sampleCount" : 1000,
    "errorCount" : 0,
    "errorPct" : 0.0,
    "meanResTime" : 435.2860000000006,
    "medianResTime" : 397.0,
    "minResTime" : 326.0,
    "maxResTime" : 989.0,
    "pct1ResTime" : 529.0,
    "pct2ResTime" : 671.249999999999,
    "pct3ResTime" : 944.0,
    "throughput" : 10.36409049923824,
    "receivedKBytesPerSec" : 29.484299050649312,
    "sentKBytesPerSec" : 4.929015696415061
  },
  "Dashboard Page" : {
    "transaction" : "Dashboard Page",
    "sampleCount" : 1000,
    "errorCount" : 0,
    "errorPct" : 0.0,
    "meanResTime" : 439.7380000000002,
    "medianResTime" : 405.0,
    "minResTime" : 339.0,
    "maxResTime" : 1042.0,
    "pct1ResTime" : 537.0,
    "pct2ResTime" : 656.9499999999999,
    "pct3ResTime" : 989.0,
    "throughput" : 10.510384259648532,
    "receivedKBytesPerSec" : 13.372185351940216,
    "sentKBytesPerSec" : 6.0147316173379295
  }
}