{
  "Fairhistory Page" : {
    "transaction" : "Fairhistory Page",
    "sampleCount" : 1000,
    "errorCount" : 0,
    "errorPct" : 0.0,
    "meanResTime" : 7.1640000000000015,
    "medianResTime" : 4.0,
    "minResTime" : 1.0,
    "maxResTime" : 156.0,
    "pct1ResTime" : 11.0,
    "pct2ResTime" : 20.0,
    "pct3ResTime" : 83.99000000000001,
    "throughput" : 10.131096387251029,
    "receivedKBytesPerSec" : 32.489862175931556,
    "sentKBytesPerSec" : 5.7778909083541015
  },
  "Test" : {
    "transaction" : "Test",
    "sampleCount" : 1000,
    "errorCount" : 4,
    "errorPct" : 0.4,
    "meanResTime" : 64.51000000000003,
    "medianResTime" : 42.0,
    "minResTime" : 18.0,
    "maxResTime" : 1056.0,
    "pct1ResTime" : 120.79999999999995,
    "pct2ResTime" : 166.0,
    "pct3ResTime" : 354.95000000000005,
    "throughput" : 10.024158221313366,
    "receivedKBytesPerSec" : 66.87979358378692,
    "sentKBytesPerSec" : 25.540067186920478
  },
  "Total" : {
    "transaction" : "Total",
    "sampleCount" : 3999,
    "errorCount" : 4,
    "errorPct" : 0.100025006,
    "meanResTime" : 16.075268817204293,
    "medianResTime" : 8.0,
    "minResTime" : 1.0,
    "maxResTime" : 854.0,
    "pct1ResTime" : 29.0,
    "pct2ResTime" : 52.0,
    "pct3ResTime" : 130.0,
    "throughput" : 35.03899062472619,
    "receivedKBytesPerSec" : 58.44635434920705,
    "sentKBytesPerSec" : 22.318641571015508
  },
  "Login Page" : {
    "transaction" : "Login Page",
    "sampleCount" : 999,
    "errorCount" : 2,
    "errorPct" : 0.2002002,
    "meanResTime" : 25.3003003003003,
    "medianResTime" : 12.0,
    "minResTime" : 6.0,
    "maxResTime" : 854.0,
    "pct1ResTime" : 38.0,
    "pct2ResTime" : 81.0,
    "pct3ResTime" : 308.0,
    "throughput" : 10.074728466402444,
    "receivedKBytesPerSec" : 13.87048870059702,
    "sentKBytesPerSec" : 6.296705291501527
  },
  "Login Error Page" : {
    "transaction" : "Login Error Page",
    "sampleCount" : 1000,
    "errorCount" : 0,
    "errorPct" : 0.0,
    "meanResTime" : 14.245999999999992,
    "medianResTime" : 7.0,
    "minResTime" : 1.0,
    "maxResTime" : 228.0,
    "pct1ResTime" : 31.0,
    "pct2ResTime" : 50.94999999999993,
    "pct3ResTime" : 111.98000000000002,
    "throughput" : 10.049847242321917,
    "receivedKBytesPerSec" : 8.028100629120438,
    "sentKBytesPerSec" : 6.791498331725357
  },
  "Dashboard Page" : {
    "transaction" : "Dashboard Page",
    "sampleCount" : 1000,
    "errorCount" : 2,
    "errorPct" : 0.2,
    "meanResTime" : 17.60000000000001,
    "medianResTime" : 10.0,
    "minResTime" : 3.0,
    "maxResTime" : 227.0,
    "pct1ResTime" : 32.0,
    "pct2ResTime" : 61.849999999999795,
    "pct3ResTime" : 129.98000000000002,
    "throughput" : 10.130685847431872,
    "receivedKBytesPerSec" : 13.061758402137576,
    "sentKBytesPerSec" : 6.856020793232703
  }
}